{
  "project_info": {
    "project_number": "62312626720",
    "firebase_url": "https://prac20realtimedb-default-rtdb.firebaseio.com",
    "project_id": "prac20realtimedb",
    "storage_bucket": "prac20realtimedb.firebasestorage.app"
  },
  "client": [
    {
      "client_info": {
        "mobilesdk_app_id": "1:62312626720:android:26325e609a25cfc6595a45",
        "android_client_info": {
          "package_name": "com.example.prac20realtime"
        }
      },
      "oauth_client": [],
      "api_key": [
        {
          "current_key": "AIzaSyCVDWLEUsbl_jMsboJ6GCarFawEH7TOWeY"
        }
      ],
      "services": {
        "appinvite_service": {
          "other_platform_oauth_client": []
        }
      }
    }
  ],
  "configuration_version": "1"
}